what,kind,bundleId,bundleVersion,description,time
activated,perspective,org.eclipse.jdt.ui,,"org.eclipse.jdt.ui.JavaPerspective",1335253412080
started,bundle,org.eclipse.osgi,3.6.1.R36x_v20100806,"org.eclipse.osgi",1335253412081
started,bundle,org.eclipse.equinox.simpleconfigurator,1.0.200.v20100503,"org.eclipse.equinox.simpleconfigurator",1335253412081
started,bundle,com.ibm.icu,4.2.1.v20100412,"com.ibm.icu",1335253412081
started,bundle,org.eclipse.compare,3.5.100.I20100526-0800,"org.eclipse.compare",1335253412081
started,bundle,org.eclipse.core.contenttype,3.4.100.v20100505-1235,"org.eclipse.core.contenttype",1335253412081
started,bundle,org.eclipse.core.databinding.observable,1.3.0.I20100601-0800,"org.eclipse.core.databinding.observable",1335253412081
started,bundle,org.eclipse.core.expressions,3.4.200.v20100505,"org.eclipse.core.expressions",1335253412081
started,bundle,org.eclipse.core.filebuffers,3.5.100.v20100520-0800,"org.eclipse.core.filebuffers",1335253412081
started,bundle,org.eclipse.core.filesystem,1.3.1.R36x_v20100727-0745,"org.eclipse.core.filesystem",1335253412081
started,bundle,org.eclipse.core.jobs,3.5.1.R36x_v20100824,"org.eclipse.core.jobs",1335253412081
started,bundle,org.eclipse.core.net,1.2.100.I20100511-0800,"org.eclipse.core.net",1335253412081
started,bundle,org.eclipse.core.resources,3.6.0.R36x_v20100825-0600,"org.eclipse.core.resources",1335253412081
started,bundle,org.eclipse.core.runtime,3.6.0.v20100505,"org.eclipse.core.runtime",1335253412081
started,bundle,org.eclipse.core.runtime.compatibility,3.2.100.v20100505,"org.eclipse.core.runtime.compatibility",1335253412081
started,bundle,org.eclipse.core.runtime.compatibility.auth,3.2.200.v20100517,"org.eclipse.core.runtime.compatibility.auth",1335253412081
started,bundle,org.eclipse.debug.core,3.6.0.v20100519,"org.eclipse.debug.core",1335253412081
started,bundle,org.eclipse.debug.ui,3.6.1.v20100901_r361,"org.eclipse.debug.ui",1335253412081
started,bundle,org.eclipse.emf.common,2.6.0.v20100914-1218,"org.eclipse.emf.common",1335253412081
started,bundle,org.eclipse.emf.ecore,2.6.1.v20100914-1218,"org.eclipse.emf.ecore",1335253412081
started,bundle,org.eclipse.emf.ecore.xmi,2.5.0.v20100521-1846,"org.eclipse.emf.ecore.xmi",1335253412081
started,bundle,org.eclipse.equinox.app,1.3.1.R36x_v20100803,"org.eclipse.equinox.app",1335253412081
started,bundle,org.eclipse.equinox.common,3.6.0.v20100503,"org.eclipse.equinox.common",1335253412081
started,bundle,org.eclipse.equinox.ds,1.2.1.R36x_v20100803,"org.eclipse.equinox.ds",1335253412081
started,bundle,org.eclipse.equinox.event,1.2.0.v20100503,"org.eclipse.equinox.event",1335253412081
started,bundle,org.eclipse.equinox.p2.core,2.0.2.R36x_v20100804,"org.eclipse.equinox.p2.core",1335253412081
started,bundle,org.eclipse.equinox.p2.directorywatcher,1.0.202.R36x_v20100727,"org.eclipse.equinox.p2.directorywatcher",1335253412081
started,bundle,org.eclipse.equinox.p2.engine,2.0.0.v20100606,"org.eclipse.equinox.p2.engine",1335253412081
started,bundle,org.eclipse.equinox.p2.metadata,2.0.0.v20100601,"org.eclipse.equinox.p2.metadata",1335253412081
started,bundle,org.eclipse.equinox.p2.metadata.repository,1.1.0.v20100513,"org.eclipse.equinox.p2.metadata.repository",1335253412081
started,bundle,org.eclipse.equinox.p2.operations,2.0.0.v20100510,"org.eclipse.equinox.p2.operations",1335253412081
started,bundle,org.eclipse.equinox.p2.reconciler.dropins,1.1.0.v20100525,"org.eclipse.equinox.p2.reconciler.dropins",1335253412081
started,bundle,org.eclipse.equinox.p2.repository,2.0.1.R36x_v20100823,"org.eclipse.equinox.p2.repository",1335253412081
started,bundle,org.eclipse.equinox.p2.ui.sdk.scheduler,1.0.0.v20100507-1815,"org.eclipse.equinox.p2.ui.sdk.scheduler",1335253412081
started,bundle,org.eclipse.equinox.p2.updatechecker,1.1.101.R36x_v20100823,"org.eclipse.equinox.p2.updatechecker",1335253412081
started,bundle,org.eclipse.equinox.preferences,3.3.0.v20100503,"org.eclipse.equinox.preferences",1335253412081
started,bundle,org.eclipse.equinox.registry,3.5.0.v20100503,"org.eclipse.equinox.registry",1335253412081
started,bundle,org.eclipse.equinox.security,1.0.200.v20100503,"org.eclipse.equinox.security",1335253412081
started,bundle,org.eclipse.equinox.util,1.0.200.v20100503,"org.eclipse.equinox.util",1335253412081
started,bundle,org.eclipse.help,3.5.0.v20100524,"org.eclipse.help",1335253412081
started,bundle,org.eclipse.jdt.core,3.6.1.v_A68_R36x,"org.eclipse.jdt.core",1335253412081
started,bundle,org.eclipse.jdt.core.manipulation,1.3.0.v20100520-0800,"org.eclipse.jdt.core.manipulation",1335253412081
started,bundle,org.eclipse.jdt.ui,3.6.1.r361_v20100825-0800,"org.eclipse.jdt.ui",1335253412081
started,bundle,org.eclipse.jface,3.6.1.M20100825-0800,"org.eclipse.jface",1335253412081
started,bundle,org.eclipse.jsch.core,1.1.200.I20100505-1245,"org.eclipse.jsch.core",1335253412081
started,bundle,org.eclipse.search,3.6.0.v20100520-0800,"org.eclipse.search",1335253412081
started,bundle,org.eclipse.team.core,3.5.100.R36x_v20100825-0800,"org.eclipse.team.core",1335253412081
started,bundle,org.eclipse.team.ui,3.5.101.R36x_v20100825-0800,"org.eclipse.team.ui",1335253412081
started,bundle,org.eclipse.ui,3.6.1.M20100826-1330,"org.eclipse.ui",1335253412081
started,bundle,org.eclipse.ui.console,3.5.0.v20100526,"org.eclipse.ui.console",1335253412081
started,bundle,org.eclipse.ui.editors,3.6.1.r361_v20100825-0800,"org.eclipse.ui.editors",1335253412081
started,bundle,org.eclipse.ui.forms,3.5.2.r36_v20100702,"org.eclipse.ui.forms",1335253412081
started,bundle,org.eclipse.ui.ide,3.6.1.M20100825-0800,"org.eclipse.ui.ide",1335253412081
started,bundle,org.eclipse.ui.intro,3.4.0.v20100427,"org.eclipse.ui.intro",1335253412081
started,bundle,org.eclipse.ui.intro.universal,3.2.402.r36_v20100702,"org.eclipse.ui.intro.universal",1335253412081
started,bundle,org.eclipse.ui.navigator,3.5.0.I20100601-0800,"org.eclipse.ui.navigator",1335253412081
started,bundle,org.eclipse.ui.net,1.2.100.I20100505-1245,"org.eclipse.ui.net",1335253412081
started,bundle,org.eclipse.ui.views,3.5.0.I20100527-0800,"org.eclipse.ui.views",1335253412081
started,bundle,org.eclipse.ui.workbench,3.6.1.M20100826-1330,"org.eclipse.ui.workbench",1335253412081
started,bundle,org.eclipse.ui.workbench.texteditor,3.6.1.r361_v20100714-0800,"org.eclipse.ui.workbench.texteditor",1335253412081
started,bundle,org.eclipse.update.configurator,3.3.100.v20100512,"org.eclipse.update.configurator",1335253412081
started,bundle,org.eclipse.update.core,3.2.402.R36x_v20100629,"org.eclipse.update.core",1335253412081
started,bundle,org.eclipse.update.scheduler,3.2.300.v20100512,"org.eclipse.update.scheduler",1335253412081
started,bundle,org.eclipse.wst.common.project.facet.core,1.4.102.v201008170019,"org.eclipse.wst.common.project.facet.core",1335253412081
started,bundle,org.eclipse.dltk.core,2.0.1.v20100806-1245,"org.eclipse.dltk.core",1335253412081
started,bundle,org.eclipse.dltk.launching,2.0.0.v20100806-1245,"org.eclipse.dltk.launching",1335253412081
started,bundle,org.eclipse.dltk.ui,2.0.0.v20100909-1720,"org.eclipse.dltk.ui",1335253412081
started,bundle,org.eclipse.epp.usagedata.gathering,1.3.1.R201102081640,"org.eclipse.epp.usagedata.gathering",1335253412081
started,bundle,org.eclipse.epp.usagedata.recording,1.3.1.R201102081640,"org.eclipse.epp.usagedata.recording",1335253412081
started,bundle,org.eclipse.jst.common.project.facet.core,1.4.102.v201008182136,"org.eclipse.jst.common.project.facet.core",1335253412081
started,bundle,org.eclipse.jst.server.tomcat.core,1.1.203.v20110201,"org.eclipse.jst.server.tomcat.core",1335253412081
started,bundle,org.eclipse.jst.ws.jaxrs.core,1.0.201.v201011231540,"org.eclipse.jst.ws.jaxrs.core",1335253412081
started,bundle,org.eclipse.jst.ws.jaxws.utils,1.0.0.v201004171919,"org.eclipse.jst.ws.jaxws.utils",1335253412081
started,bundle,org.eclipse.pde.launching,3.6.0.v20100601,"org.eclipse.pde.launching",1335253412081
started,bundle,org.eclipse.pde.ui,3.6.1.v20110210_r362,"org.eclipse.pde.ui",1335253412081
started,bundle,org.eclipse.php.core,2.2.1.v20101001-2300,"org.eclipse.php.core",1335253412081
started,bundle,org.eclipse.php.debug.core,2.2.0.v20101001-2300,"org.eclipse.php.debug.core",1335253412081
started,bundle,org.eclipse.php.debug.daemon,2.2.0.v20101001-2300,"org.eclipse.php.debug.daemon",1335253412081
started,bundle,org.eclipse.php.debug.ui,2.2.0.v20101001-2300,"org.eclipse.php.debug.ui",1335253412081
started,bundle,org.eclipse.php.server.core,2.2.0.v20101001-2300,"org.eclipse.php.server.core",1335253412081
started,bundle,org.eclipse.php.ui,2.2.1.v20101001-2300,"org.eclipse.php.ui",1335253412081
started,bundle,org.eclipse.ui.views.log,1.0.100.v20110210_r362,"org.eclipse.ui.views.log",1335253412081
started,bundle,org.eclipse.wst.server.core,1.1.206.v20110110,"org.eclipse.wst.server.core",1335253412082
started,bundle,org.eclipse.wst.server.ui,1.1.207.v20110119,"org.eclipse.wst.server.ui",1335253412082
started,bundle,org.eclipse.wst.sse.core,1.1.504.v201102160550,"org.eclipse.wst.sse.core",1335253412082
started,bundle,org.eclipse.wst.sse.ui,1.2.3.v201102102045,"org.eclipse.wst.sse.ui",1335253412082
started,bundle,org.eclipse.wst.web,1.1.402.v201012160000,"org.eclipse.wst.web",1335253412082
started,bundle,com.collabnet.subversion.merge,2.2.3,"com.collabnet.subversion.merge",1335253412082
started,bundle,org.tigris.subversion.clientadapter,1.6.12,"org.tigris.subversion.clientadapter",1335253412082
started,bundle,org.tigris.subversion.subclipse.core,1.6.17,"org.tigris.subversion.subclipse.core",1335253412082
started,bundle,org.tigris.subversion.subclipse.mylyn,3.0.0,"org.tigris.subversion.subclipse.mylyn",1335253412082
started,bundle,org.tigris.subversion.subclipse.tools.usage,1.0.1,"org.tigris.subversion.subclipse.tools.usage",1335253412082
started,bundle,org.tigris.subversion.subclipse.ui,1.6.17,"org.tigris.subversion.subclipse.ui",1335253412082
started,bundle,org.eclipse.mylyn.bugzilla.core,3.6.0.v20110608-1400,"org.eclipse.mylyn.bugzilla.core",1335253412082
started,bundle,org.eclipse.mylyn.bugzilla.ui,3.6.0.v20110608-1400,"org.eclipse.mylyn.bugzilla.ui",1335253412082
started,bundle,org.eclipse.mylyn.commons.identity,0.8.0.v20110608-1400,"org.eclipse.mylyn.commons.identity",1335253412082
started,bundle,org.eclipse.mylyn.commons.net,3.6.0.v20110608-1400,"org.eclipse.mylyn.commons.net",1335253412082
started,bundle,org.eclipse.mylyn.commons.ui,3.6.0.v20110608-1400,"org.eclipse.mylyn.commons.ui",1335253412082
started,bundle,org.eclipse.mylyn.context.core,3.6.0.v20110608-1400,"org.eclipse.mylyn.context.core",1335253412082
started,bundle,org.eclipse.mylyn.context.ui,3.6.0.v20110608-1400,"org.eclipse.mylyn.context.ui",1335253412082
started,bundle,org.eclipse.mylyn.monitor.ui,3.6.0.v20110608-1400,"org.eclipse.mylyn.monitor.ui",1335253412082
started,bundle,org.eclipse.mylyn.tasks.ui,3.6.0.v20110608-1400,"org.eclipse.mylyn.tasks.ui",1335253412082
started,bundle,org.eclipse.mylyn.team.ui,3.6.0.v20110608-1400,"org.eclipse.mylyn.team.ui",1335253412082
started,bundle,org.eclipse.team.cvs.core,3.3.301.R36x_v20110119-0815,"org.eclipse.team.cvs.core",1335253412082
started,bundle,org.eclipse.team.cvs.ui,3.3.302.R36x_v20110203-1036,"org.eclipse.team.cvs.ui",1335253412082
started,bundle,com.springsource.sts.ide.configurator,2.7.1.201107091000-RELEASE,"com.springsource.sts.ide.configurator",1335253412082
started,bundle,com.springsource.sts.ide.ui,2.7.1.201107091000-RELEASE,"com.springsource.sts.ide.ui",1335253412082
started,bundle,com.springsource.sts.maven,2.7.1.201107091000-RELEASE,"com.springsource.sts.maven",1335253412082
started,bundle,com.springsource.sts.roo.core,2.7.1.201107091000-RELEASE,"com.springsource.sts.roo.core",1335253412082
started,bundle,com.springsource.sts.server.insight.ui,2.7.1.201107091000-RELEASE,"com.springsource.sts.server.insight.ui",1335253412082
started,bundle,org.eclipse.contribution.weaving.jdt,2.1.3.e36x-20110622-1300,"org.eclipse.contribution.weaving.jdt",1335253412082
started,bundle,org.eclipse.equinox.weaving.aspectj,1.0.0.v20100108,"org.eclipse.equinox.weaving.aspectj",1335253412082
started,bundle,org.eclipse.equinox.weaving.caching,1.0.0.v20100108,"org.eclipse.equinox.weaving.caching",1335253412082
started,bundle,org.eclipse.equinox.weaving.caching.j9,1.0.0.v20100108,"org.eclipse.equinox.weaving.caching.j9",1335253412082
started,bundle,org.springframework.ide.eclipse.aop.core,2.7.1.201107082359-RELEASE,"org.springframework.ide.eclipse.aop.core",1335253412082
started,bundle,org.springframework.ide.eclipse.aop.ui,2.7.1.201107082359-RELEASE,"org.springframework.ide.eclipse.aop.ui",1335253412082
started,bundle,org.springframework.ide.eclipse.beans.core,2.7.1.201107082359-RELEASE,"org.springframework.ide.eclipse.beans.core",1335253412082
started,bundle,org.springframework.ide.eclipse.beans.core.metadata,2.7.1.201107082359-RELEASE,"org.springframework.ide.eclipse.beans.core.metadata",1335253412082
started,bundle,org.springframework.ide.eclipse.beans.ui,2.7.1.201107082359-RELEASE,"org.springframework.ide.eclipse.beans.ui",1335253412082
started,bundle,org.springframework.ide.eclipse.core,2.7.1.201107082359-RELEASE,"org.springframework.ide.eclipse.core",1335253412082
started,bundle,org.springframework.ide.eclipse.osgi.targetdefinition,2.7.1.201107082359-RELEASE,"org.springframework.ide.eclipse.osgi.targetdefinition",1335253412082
started,bundle,org.springframework.ide.eclipse.uaa,2.7.1.201107082359-RELEASE,"org.springframework.ide.eclipse.uaa",1335253412082
started,bundle,org.springframework.ide.eclipse.ui,2.7.1.201107082359-RELEASE,"org.springframework.ide.eclipse.ui",1335253412082
os,sysinfo,,,"macosx",1335253412088
arch,sysinfo,,,"x86_64",1335253412088
ws,sysinfo,,,"cocoa",1335253412088
locale,sysinfo,,,"en_US",1335253412088
processors,sysinfo,,,"4",1335253412088
java.runtime.name,sysinfo,,,"Java(TM) SE Runtime Environment",1335253412088
java.runtime.version,sysinfo,,,"1.6.0_29-b11-402-10M3527",1335253412088
java.specification.name,sysinfo,,,"Java Platform API Specification",1335253412088
java.specification.vendor,sysinfo,,,"Sun Microsystems Inc.",1335253412088
java.specification.version,sysinfo,,,"1.6",1335253412088
java.vendor,sysinfo,,,"Apple Inc.",1335253412088
java.version,sysinfo,,,"1.6.0_29",1335253412088
java.vm.info,sysinfo,,,"mixed mode",1335253412088
java.vm.name,sysinfo,,,"Java HotSpot(TM) 64-Bit Server VM",1335253412088
java.vm.specification.name,sysinfo,,,"Java Virtual Machine Specification",1335253412088
java.vm.specification.vendor,sysinfo,,,"Sun Microsystems Inc.",1335253412088
java.vm.specification.version,sysinfo,,,"1.0",1335253412089
java.vm.vendor,sysinfo,,,"Apple Inc.",1335253412089
java.vm.version,sysinfo,,,"20.4-b02-402",1335253412089
started,bundle,org.eclipse.dltk.core.index.sql,2.0.1.v20100909-1720,"org.eclipse.dltk.core.index.sql",1335253412133
started,bundle,org.eclipse.dltk.core.index.sql.h2,2.0.1.v20100909-1720,"org.eclipse.dltk.core.index.sql.h2",1335253412548
activated,workbench,org.eclipse.ui.workbench,3.6.1.M20100826-1330,"",1335253413814
activated,view,org.eclipse.jdt.ui,3.6.1.r361_v20100825-0800,"org.eclipse.jdt.ui.PackageExplorer",1335253416025
activated,view,org.eclipse.jdt.ui,3.6.1.r361_v20100825-0800,"org.eclipse.jdt.ui.PackageExplorer",1335253416133
closed,view,org.eclipse.ui,3.6.1.M20100826-1330,"org.eclipse.ui.internal.introview",1335253416157
started,bundle,org.eclipse.ui.browser,3.3.0.v20100517,"org.eclipse.ui.browser",1335253416163
deactivated,workbench,org.eclipse.ui.workbench,3.6.1.M20100826-1330,"",1335253423703
activated,workbench,org.eclipse.ui.workbench,3.6.1.M20100826-1330,"",1335253432116
closed,workbench,org.eclipse.ui.workbench,3.6.1.M20100826-1330,"",1335253432259
stopped,bundle,org.eclipse.jst.j2ee.xdoclet.runtime,1.1.300.v201004280700,"org.eclipse.jst.j2ee.xdoclet.runtime",1335253432837
stopped,bundle,org.eclipse.jst.j2ee.ejb.annotations.xdoclet,1.2.100.v201003112036,"org.eclipse.jst.j2ee.ejb.annotations.xdoclet",1335253432837
stopped,bundle,org.eclipse.jst.server.generic.jboss,1.6.1.v200904151730,"org.eclipse.jst.server.generic.jboss",1335253432837
stopped,bundle,org.eclipse.jst.server.generic.jonas,1.5.205.v200805140145,"org.eclipse.jst.server.generic.jonas",1335253432837
stopped,bundle,org.eclipse.jst.server.generic.oc4j,1.5.206.v20090812,"org.eclipse.jst.server.generic.oc4j",1335253432837
stopped,bundle,org.eclipse.jst.server.websphere.core,1.0.302.v20080620,"org.eclipse.jst.server.websphere.core",1335253432837
stopped,bundle,org.eclipse.jst.server.generic.ui,1.0.505.v20100428,"org.eclipse.jst.server.generic.ui",1335253432837
stopped,bundle,org.eclipse.jst.server.generic.core,1.0.606.v20100512,"org.eclipse.jst.server.generic.core",1335253432837
stopped,bundle,org.eclipse.datatools.connectivity.oda.template.ui,3.2.1.v201004090942,"org.eclipse.datatools.connectivity.oda.template.ui",1335253432837
stopped,bundle,org.eclipse.pde.api.tools.ui,1.0.201.v20100820_r361,"org.eclipse.pde.api.tools.ui",1335253432837
stopped,bundle,org.eclipse.pde.ds.ui,1.0.100.v20100601,"org.eclipse.pde.ds.ui",1335253432837
stopped,bundle,com.springsource.sts.config.ui,2.7.1.201107091000-RELEASE,"com.springsource.sts.config.ui",1335253432837
stopped,bundle,com.springsource.sts.ide.help,2.7.1.201107091000-RELEASE,"com.springsource.sts.ide.help",1335253432837
stopped,bundle,com.springsource.sts.roo.ui,2.7.1.201107091000-RELEASE,"com.springsource.sts.roo.ui",1335253432837
stopped,bundle,com.springsource.sts.maven,2.7.1.201107091000-RELEASE,"com.springsource.sts.maven",1335253432838
stopped,bundle,com.springsource.sts.roo.core,2.7.1.201107091000-RELEASE,"com.springsource.sts.roo.core",1335253432841
stopped,bundle,com.springsource.sts.server.insight.ui,2.7.1.201107091000-RELEASE,"com.springsource.sts.server.insight.ui",1335253432852
stopped,bundle,com.springsource.sts.server.tc.vmware.ui,2.7.1.201107091000-RELEASE,"com.springsource.sts.server.tc.vmware.ui",1335253432852
stopped,bundle,com.springsource.sts.server.tc.ui,2.7.1.201107091000-RELEASE,"com.springsource.sts.server.tc.ui",1335253432852
stopped,bundle,com.springsource.sts.server.tc.vmware.core,2.7.1.201107091000-RELEASE,"com.springsource.sts.server.tc.vmware.core",1335253432852
stopped,bundle,com.springsource.sts.ide.configurator,2.7.1.201107091000-RELEASE,"com.springsource.sts.ide.configurator",1335253432853
stopped,bundle,com.springsource.sts.wizard,2.7.1.201107091000-RELEASE,"com.springsource.sts.wizard",1335253432853
stopped,bundle,com.springsource.sts.ide.ui,2.7.1.201107091000-RELEASE,"com.springsource.sts.ide.ui",1335253432853
stopped,bundle,org.eclipse.ajdt.mylyn.ui,2.1.3.e36x-20110622-1300,"org.eclipse.ajdt.mylyn.ui",1335253432853
stopped,bundle,org.springframework.ide.eclipse.ajdt.ui.xref,2.7.1.201107082359-RELEASE,"org.springframework.ide.eclipse.ajdt.ui.xref",1335253432854
stopped,bundle,org.eclipse.ajdt.ui,2.1.3.e36x-20110622-1300,"org.eclipse.ajdt.ui",1335253432854
stopped,bundle,org.eclipse.pde.runtime,3.4.200.v20100601,"org.eclipse.pde.runtime",1335253432854
stopped,bundle,org.eclipse.pde.ua.ui,1.0.100.v20100504,"org.eclipse.pde.ua.ui",1335253432854
stopped,bundle,org.eclipse.pde.ui.templates,3.4.200.v20100601,"org.eclipse.pde.ui.templates",1335253432854
stopped,bundle,org.eclipse.rap.ui.launch,1.3.2.20110216-1041,"org.eclipse.rap.ui.launch",1335253432854
stopped,bundle,org.eclipse.pde.ui,3.6.1.v20110210_r362,"org.eclipse.pde.ui",1335253432855
stopped,bundle,org.eclipse.mylyn.ide.ant,3.6.0.v20110608-1400,"org.eclipse.mylyn.ide.ant",1335253432855
stopped,bundle,org.eclipse.ant.ui,3.5.0.v20100427,"org.eclipse.ant.ui",1335253432855
stopped,bundle,org.eclipse.ant.launching,1.0.0.v20100427,"org.eclipse.ant.launching",1335253432855
stopped,bundle,com.springsource.sts,2.7.1.201107091000-RELEASE,"com.springsource.sts",1335253432856
stopped,bundle,org.eclipse.equinox.p2.ui.sdk,1.0.100.v20100513,"org.eclipse.equinox.p2.ui.sdk",1335253432856
stopped,bundle,com.android.ide.eclipse.adt,0.9.9.v201009221407-60953,"com.android.ide.eclipse.adt",1335253432856
stopped,bundle,org.eclipse.jst.server.tomcat.ui,1.1.200.v20100418,"org.eclipse.jst.server.tomcat.ui",1335253432856
stopped,bundle,org.eclipse.jst.server.ui,1.1.101.v20100823b,"org.eclipse.jst.server.ui",1335253432857
stopped,bundle,org.eclipse.mylyn.java.tasks,3.6.0.v20110608-1400,"org.eclipse.mylyn.java.tasks",1335253432857
stopped,bundle,org.springframework.ide.eclipse.beans.mylyn,2.7.1.201107082359-RELEASE,"org.springframework.ide.eclipse.beans.mylyn",1335253432857
stopped,bundle,org.springframework.ide.eclipse.mylyn,2.7.1.201107082359-RELEASE,"org.springframework.ide.eclipse.mylyn",1335253432857
stopped,bundle,org.eclipse.mylyn.java.ui,3.6.0.v20110608-1400,"org.eclipse.mylyn.java.ui",1335253432857
stopped,bundle,org.eclipse.jdt.junit,3.6.1.r361_v20100825-0800,"org.eclipse.jdt.junit",1335253432857
stopped,bundle,org.eclipse.jdt.apt.ui,3.3.300.v20100513-0845,"org.eclipse.jdt.apt.ui",1335253432857
stopped,bundle,org.eclipse.datatools.enablement.sybase.asa.schemaobjecteditor.examples,2.5.0.200810071,"org.eclipse.datatools.enablement.sybase.asa.schemaobjecteditor.examples",1335253432857
stopped,bundle,org.eclipse.datatools.sqltools.debugger.core.ui,1.0.0.v201003161000,"org.eclipse.datatools.sqltools.debugger.core.ui",1335253432857
stopped,bundle,org.eclipse.jst.server.preview.adapter,1.1.100.v20100308,"org.eclipse.jst.server.preview.adapter",1335253432857
stopped,bundle,org.eclipse.wst.xsl.jaxp.debug.ui,1.0.100.v201004290328,"org.eclipse.wst.xsl.jaxp.debug.ui",1335253432858
stopped,bundle,com.springsource.sts.frameworks.ui,2.7.1.201107091000-RELEASE,"com.springsource.sts.frameworks.ui",1335253432858
stopped,bundle,com.springsource.sts.bestpractices,2.7.1.201107091000-RELEASE,"com.springsource.sts.bestpractices",1335253432858
stopped,bundle,com.springsource.sts.quickfix,2.7.1.201107091000-RELEASE,"com.springsource.sts.quickfix",1335253432859
stopped,bundle,org.springframework.ide.eclipse.beans.ui.autowire,2.7.1.201107082359-RELEASE,"org.springframework.ide.eclipse.beans.ui.autowire",1335253432859
stopped,bundle,org.springframework.ide.eclipse.beans.core.autowire,2.7.1.201107082359-RELEASE,"org.springframework.ide.eclipse.beans.core.autowire",1335253432859
stopped,bundle,com.springsource.sts.config.flow,2.7.1.201107091000-RELEASE,"com.springsource.sts.config.flow",1335253432859
stopped,bundle,com.springsource.sts.config.core,2.7.1.201107091000-RELEASE,"com.springsource.sts.config.core",1335253432859
stopped,bundle,org.springframework.ide.eclipse.ajdt.ui.visualiser,2.7.1.201107082359-RELEASE,"org.springframework.ide.eclipse.ajdt.ui.visualiser",1335253432859
stopped,bundle,org.springframework.ide.eclipse.aop.mylyn,2.7.1.201107082359-RELEASE,"org.springframework.ide.eclipse.aop.mylyn",1335253432861
stopped,bundle,org.springframework.ide.eclipse.aop.ui.matcher,2.7.1.201107082359-RELEASE,"org.springframework.ide.eclipse.aop.ui.matcher",1335253432861
stopped,bundle,org.springframework.ide.eclipse.aop.ui,2.7.1.201107082359-RELEASE,"org.springframework.ide.eclipse.aop.ui",1335253432861
stopped,bundle,org.springframework.ide.eclipse.batch,2.7.1.201107082359-RELEASE,"org.springframework.ide.eclipse.batch",1335253432861
stopped,bundle,org.springframework.ide.eclipse.security,2.7.1.201107082359-RELEASE,"org.springframework.ide.eclipse.security",1335253432861
stopped,bundle,org.springframework.ide.eclipse.aop.core,2.7.1.201107082359-RELEASE,"org.springframework.ide.eclipse.aop.core",1335253432880
stopped,bundle,org.springframework.ide.eclipse.beans.ui.refactoring,2.7.1.201107082359-RELEASE,"org.springframework.ide.eclipse.beans.ui.refactoring",1335253432880
stopped,bundle,org.springframework.ide.eclipse.integration,2.7.1.201107082359-RELEASE,"org.springframework.ide.eclipse.integration",1335253432880
stopped,bundle,org.springframework.ide.eclipse.osgi,2.7.1.201107082359-RELEASE,"org.springframework.ide.eclipse.osgi",1335253432880
stopped,bundle,org.springframework.ide.eclipse.webflow.mylyn,2.7.1.201107082359-RELEASE,"org.springframework.ide.eclipse.webflow.mylyn",1335253432880
stopped,bundle,org.springframework.ide.eclipse.webflow.ui,2.7.1.201107082359-RELEASE,"org.springframework.ide.eclipse.webflow.ui",1335253432880
stopped,bundle,org.springframework.ide.eclipse.webflow.ui.graph,2.7.1.201107082359-RELEASE,"org.springframework.ide.eclipse.webflow.ui.graph",1335253432880
stopped,bundle,org.springframework.ide.eclipse.webflow.ui.editor,2.7.1.201107082359-RELEASE,"org.springframework.ide.eclipse.webflow.ui.editor",1335253432880
stopped,bundle,org.springframework.ide.eclipse.webflow.core,2.7.1.201107082359-RELEASE,"org.springframework.ide.eclipse.webflow.core",1335253432880
stopped,bundle,org.springframework.ide.eclipse.beans.ui.editor,2.7.1.201107082359-RELEASE,"org.springframework.ide.eclipse.beans.ui.editor",1335253432880
stopped,bundle,org.springframework.ide.eclipse.beans.ui.graph,2.7.1.201107082359-RELEASE,"org.springframework.ide.eclipse.beans.ui.graph",1335253432880
stopped,bundle,org.springframework.ide.eclipse.beans.ui.search,2.7.1.201107082359-RELEASE,"org.springframework.ide.eclipse.beans.ui.search",1335253432880
stopped,bundle,com.springsource.sts.ide.metadata,2.7.1.201107091000-RELEASE,"com.springsource.sts.ide.metadata",1335253432880
stopped,bundle,org.springframework.ide.eclipse.beans.ui,2.7.1.201107082359-RELEASE,"org.springframework.ide.eclipse.beans.ui",1335253432880
stopped,bundle,org.springframework.ide.eclipse.beans.core.metadata,2.7.1.201107082359-RELEASE,"org.springframework.ide.eclipse.beans.core.metadata",1335253432890
stopped,bundle,com.springsource.sts.server.commons.vmware.ui,2.7.1.201107091000-RELEASE,"com.springsource.sts.server.commons.vmware.ui",1335253432890
stopped,bundle,org.eclipse.jdt.debug.ui,3.5.0.v20100602-0830,"org.eclipse.jdt.debug.ui",1335253432890
stopped,bundle,org.eclipse.jpt.eclipselink.ui,1.3.0.v201004280001,"org.eclipse.jpt.eclipselink.ui",1335253432890
stopped,bundle,org.eclipse.jpt.eclipselink.core,1.3.2.v201102072310,"org.eclipse.jpt.eclipselink.core",1335253432890
stopped,bundle,org.eclipse.jpt.jaxb.ui,1.0.1.v201006300000,"org.eclipse.jpt.jaxb.ui",1335253432890
stopped,bundle,org.eclipse.jpt.ui,2.3.2.v201008252310,"org.eclipse.jpt.ui",1335253432890
stopped,bundle,org.eclipse.jpt.core,2.3.3.v201102172310,"org.eclipse.jpt.core",1335253432890
stopped,bundle,org.eclipse.jpt.db,1.2.202.v201010192330,"org.eclipse.jpt.db",1335253432890
stopped,bundle,org.eclipse.datatools.enablement.jdt.classpath,1.0.1.v201004070709,"org.eclipse.datatools.enablement.jdt.classpath",1335253432890
stopped,bundle,org.eclipse.jst.common.annotations.ui,1.1.300.v201002081900,"org.eclipse.jst.common.annotations.ui",1335253432890
stopped,bundle,org.eclipse.jst.j2ee.ejb.annotations.ui,1.1.200.v201004290730,"org.eclipse.jst.j2ee.ejb.annotations.ui",1335253432890
stopped,bundle,org.eclipse.jst.ejb.ui,1.1.502.v201101121843,"org.eclipse.jst.ejb.ui",1335253432891
stopped,bundle,org.eclipse.jst.ws.axis.creation.ui,1.0.600.v201008171516,"org.eclipse.jst.ws.axis.creation.ui",1335253432891
stopped,bundle,org.eclipse.jst.ws.axis.consumption.ui,1.0.505.v201004211805,"org.eclipse.jst.ws.axis.consumption.ui",1335253432891
stopped,bundle,org.eclipse.jst.ws.axis2.creation.ui,1.0.104.v201004211805,"org.eclipse.jst.ws.axis2.creation.ui",1335253432891
stopped,bundle,org.eclipse.jst.ws.axis2.consumption.ui,1.0.103.v201004211805,"org.eclipse.jst.ws.axis2.consumption.ui",1335253432891
stopped,bundle,org.eclipse.jst.ws.axis2.creation.core,1.0.106.v201004211805,"org.eclipse.jst.ws.axis2.creation.core",1335253432891
stopped,bundle,org.eclipse.jst.ws.axis2.consumption.core,1.0.105.v201004211805,"org.eclipse.jst.ws.axis2.consumption.core",1335253432891
stopped,bundle,org.eclipse.jst.ws.cxf.creation.ui,1.0.0.v201003311345,"org.eclipse.jst.ws.cxf.creation.ui",1335253432891
stopped,bundle,org.eclipse.jst.ws.creation.ui,1.0.510.v201011041151,"org.eclipse.jst.ws.creation.ui",1335253432891
stopped,bundle,org.eclipse.jst.ws.cxf.consumption.ui,1.0.0.v201003222311,"org.eclipse.jst.ws.cxf.consumption.ui",1335253432891
